SearchTerm,TagValue
A. Scott,A. Scott Wright
Wright,A. Scott Wright
Alan,Alan Brewer
Brewer,Alan Brewer
Alejandro,Alejandro McGuel
McGuel,Alejandro McGuel
Alex,Alex Nayberg
Nayberg,Alex Nayberg
Alice,Alice Ciccu
Ciccu,Alice Ciccu
Alberts,Amy Alberts
Amy,Amy Alberts
Andreas,Andreas Berglund
Berglund,Andreas Berglund
Andrew,Andrew Cencini
Cencini,Andrew Cencini
Andrew,Andrew Hill
Hill,Andrew Hill
Andy,Andy Ruth
Ruth,Andy Ruth
Angela,Angela Barbariol
Barbariol,Angela Barbariol
Anibal,Anibal Sousa
Sousa,Anibal Sousa
Annette,Annette Hill
Hill,Annette Hill
Annik,Annik Stahl
Stahl,Annik Stahl
Arvind,Arvind Rao
Rao,Arvind Rao
Ashvini,Ashvini Sharma
Sharma,Ashvini Sharma
Barbara,Barbara Decker
Decker,Barbara Decker
Barbara,Barbara Moreland
Moreland,Barbara Moreland
Baris,Baris Cetinok
Cetinok,Baris Cetinok
Barry,Barry Johnson
Johnson,Barry Johnson
Belinda,Belinda Newman
Newman,Belinda Newman
Ben,Ben Miller
Miller,Ben Miller
Benjamin,Benjamin Martin
Martin,Benjamin Martin
Betsy,Betsy Stadick
Stadick,Betsy Stadick
Bjorn,Bjorn Rettig
Rettig,Bjorn Rettig
Bob,Bob Hohman
Hohman,Bob Hohman
Bonnie,Bonnie Kearney
Kearney,Bonnie Kearney
Brandon,Brandon Heidepriem
Heidepriem,Brandon Heidepriem
Brenda,Brenda Diaz
Diaz,Brenda Diaz
Brian,Brian Goldstein
Goldstein,Brian Goldstein
Brian,Brian LaMee
LaMee,Brian LaMee
Brian,Brian Lloyd
Lloyd,Brian Lloyd
Brian,Brian Welcker
Welcker,Brian Welcker
Britta,Britta Simon
Simon,Britta Simon
Baker,Bryan Baker
Bryan,Bryan Baker
Bryan,Bryan Walton
Walton,Bryan Walton
Candy,Candy Spoon
Spoon,Candy Spoon
Carol,Carol Philips
Philips,Carol Philips
Carole,Carole Poland
Poland,Carole Poland
Chad,Chad Niswonger
Niswonger,Chad Niswonger
Charles,Charles Fitzgerald
Fitzgerald,Charles Fitzgerald
Chris,Chris Norred
Norred,Chris Norred
Chris,Chris Okelberry
Okelberry,Chris Okelberry
Chris,Chris Preston
Preston,Chris Preston
Christian,Christian Kleinerman
Kleinerman,Christian Kleinerman
Christopher,Christopher Hill
Hill,Christopher Hill
Cristian,Cristian Petculescu
Petculescu,Cristian Petculescu
Cynthia,Cynthia Randall
Randall,Cynthia Randall
Bacon,Dan Bacon
Dan,Dan Bacon
Dan,Dan Wilson
Wilson,Dan Wilson
Danielle,Danielle Tiedt
Tiedt,Danielle Tiedt
Barber,David Barber
David,David Barber
Bradley,David Bradley
David,David Bradley
Campbell,David Campbell
David,David Campbell
David,David Hamilton
Hamilton,David Hamilton
David,David Johnson
Johnson,David Johnson
David,David Lawrence
Lawrence,David Lawrence
David,David Liu
Liu,David Liu
David,David Ortiz
Ortiz,David Ortiz
David,David Yalovsky
Yalovsky,David Yalovsky
Deborah,Deborah Poe
Poe,Deborah Poe
Denise,Denise Smith
Smith,Denise Smith
Diane,Diane Glimp
Glimp,Diane Glimp
Diane,Diane Margheim
Margheim,Diane Margheim
Diane,Diane Tibbott
Tibbott,Diane Tibbott
Don,Don Hall
Hall,Don Hall
Doris,Doris Hartwig
Hartwig,Doris Hartwig
Douglas,Douglas Hite
Hite,Douglas Hite
Dragan,Dragan Tomic
Tomic,Dragan Tomic
Dylan,Dylan Miller
Miller,Dylan Miller
Ebru,Ebru Ersan
Ersan,Ebru Ersan
Dudenhoefer,Ed Dudenhoefer
Ed,Ed Dudenhoefer
Elizabeth,Elizabeth Keyser
Keyser,Elizabeth Keyser
Brown,Eric Brown
Eric,Eric Brown
Eric,Eric Gubbels
Gubbels,Eric Gubbels
Eric,Eric Kurjan
Kurjan,Eric Kurjan
Erin,Erin Hagens
Hagens,Erin Hagens
Eugene,Eugene Kogan
Kogan,Eugene Kogan
Eugene,Eugene Zabokritski
Zabokritski,Eugene Zabokritski
Fadi,Fadi Fakhouri
Fakhouri,Fadi Fakhouri
Ajenstat,François Ajenstat
François,François Ajenstat
Frank,Frank Lee
Lee,Frank Lee
Frank,Frank Martinez
Martinez,Frank Martinez
Frank,Frank Miller
Miller,Frank Miller
Frank,Frank Pellow
Pellow,Frank Pellow
Fred,Fred Northup
Northup,Fred Northup
Fukiko,Fukiko Ogisu
Ogisu,Fukiko Ogisu
Gabe,Gabe Mares
Mares,Gabe Mares
Erickson,Gail Erickson
Gail,Gail Erickson
Garrett,Garrett Vargas
Vargas,Garrett Vargas
Garrett,Garrett Young
Young,Garrett Young
Altman,Gary Altman
Gary,Gary Altman
Gary,Gary Yukish
Yukish,Gary Yukish
George,George Li
Li,George Li
Gigi,Gigi Matthew
Matthew,Gigi Matthew
Gordon,Gordon Hee
Hee,Gordon Hee
Culbertson,Grant Culbertson
Grant,Grant Culbertson
Alderson,Greg Alderson
Greg,Greg Alderson
Gilbert,Guy Gilbert
Guy,Guy Gilbert
Feng,Hanying Feng
Hanying,Hanying Feng
Chen,Hao Chen
Hao,Hao Chen
Abolrous,Hazem Abolrous
Hazem,Hazem Abolrous
Houman,Houman Pournasseh
Pournasseh,Houman Pournasseh
Hung-Fu,Hung-Fu Ting
Ting,Hung-Fu Ting
Ivo,Ivo Salmre
Salmre,Ivo Salmre
Creasey,Jack Creasey
Jack,Jack Creasey
Jack,Jack Richins
Richins,Jack Richins
Jae,Jae Pak
Pak,Jae Pak
Hamilton,James Hamilton
James,James Hamilton
James,James Kramer
Kramer,James Kramer
Jan,Jan Miksovsky
Miksovsky,Jan Miksovsky
Bueno,Janaina Bueno
Janaina,Janaina Bueno
Janet,Janet Sheperdigian
Sheperdigian,Janet Sheperdigian
Esteves,Janeth Esteves
Janeth,Janeth Esteves
Galvin,Janice Galvin
Janice,Janice Galvin
Jason,Jason Watters
Watters,Jason Watters
Adams,Jay Adams
Jay,Jay Adams
Jean,Jean Trenary
Trenary,Jean Trenary
Hay,Jeff Hay
Jeff,Jeff Hay
Ford,Jeffrey Ford
Jeffrey,Jeffrey Ford
Jian Shuo,Jian Shuo Wang
Wang,Jian Shuo Wang
Jill,Jill Williams
Williams,Jill Williams
Carson,Jillian Carson
Jillian,Jillian Carson
Jim,Jim Scardelis
Scardelis,Jim Scardelis
Bischoff,Jimmy Bischoff
Jimmy,Jimmy Bischoff
Jinghao,Jinghao Liu
Liu,Jinghao Liu
Berry,Jo Berry
Jo,Jo Berry
Brown,Jo Brown
Jo,Jo Brown
Campbell,John Campbell
John,John Campbell
Chen,John Chen
John,John Chen
Evans,John Evans
John,John Evans
Frum,John Frum
John,John Frum
John,John Kane
Kane,John Kane
John,John Wood
Wood,John Wood
Dobney,JoLynn Dobney
JoLynn,JoLynn Dobney
Jose,Jose Lugo
Lugo,Jose Lugo
José,José Saraiva
Saraiva,José Saraiva
Goldberg,Jossef Goldberg
Jossef,Jossef Goldberg
Cao,Jun Cao
Jun,Jun Cao
Karan,Karan Khanna
Khanna,Karan Khanna
Berg,Karen Berg
Karen,Karen Berg
Berge,Karen Berge
Karen,Karen Berge
Flood,Kathie Flood
Kathie,Kathie Flood
Katie,Katie McAskill-White
McAskill-White,Katie McAskill-White
Ken,Ken Myer
Myer,Ken Myer
Ken,Ken Sánchez
Sánchez,Ken Sánchez
Keil,Kendall Keil
Kendall,Kendall Keil
Brown,Kevin Brown
Kevin,Kevin Brown
Homer,Kevin Homer
Kevin,Kevin Homer
Kevin,Kevin Liu
Liu,Kevin Liu
Abercrombie,Kim Abercrombie
Kim,Kim Abercrombie
Kim,Kim Ralls
Ralls,Kim Ralls
Kimberly,Kimberly Zimmerman
Zimmerman,Kimberly Zimmerman
Kirk,Kirk Koenigsbauer
Koenigsbauer,Kirk Koenigsbauer
Kitti,Kitti Lertpiriyasuwat
Lertpiriyasuwat,Kitti Lertpiriyasuwat
Kok-Ho,Kok-Ho Loh
Loh,Kok-Ho Loh
Krishna,Krishna Sunkammurali
Sunkammurali,Krishna Sunkammurali
Lane,Lane Sacksteder
Sacksteder,Lane Sacksteder
Laura,Laura Norman
Norman,Laura Norman
Laura,Laura Steele
Steele,Laura Steele
Linda,Linda Meisner
Meisner,Linda Meisner
Linda,Linda Mitchell
Mitchell,Linda Mitchell
Linda,Linda Moschell
Moschell,Linda Moschell
Linda,Linda Randall
Randall,Linda Randall
Lionel,Lionel Penuchot
Penuchot,Lionel Penuchot
Lolan,Lolan Song
Song,Lolan Song
Kane,Lori Kane
Lori,Lori Kane
Lori,Lori Penor
Penor,Lori Penor
Lorraine,Lorraine Nay
Nay,Lorraine Nay
Lynn,Lynn Tsoflias
Tsoflias,Lynn Tsoflias
Dusza,Maciej Dusza
Maciej,Maciej Dusza
Hedlund,Magnus Hedlund
Magnus,Magnus Hedlund
Mandar,Mandar Samant
Samant,Mandar Samant
Ingle,Marc Ingle
Marc,Marc Ingle
Margie,Margie Shoop
Shoop,Margie Shoop
Harrington,Mark Harrington
Mark,Mark Harrington
Mark,Mark McArthur
McArthur,Mark McArthur
Baker,Mary Baker
Mary,Mary Baker
Dempsey,Mary Dempsey
Mary,Mary Dempsey
Gibson,Mary Gibson
Mary,Mary Gibson
Berndt,Matthias Berndt
Matthias,Matthias Berndt
Merav,Merav Netz
Netz,Merav Netz
Blythe,Michael Blythe
Michael,Michael Blythe
Entin,Michael Entin
Michael,Michael Entin
Hines,Michael Hines
Michael,Michael Hines
Michael,Michael Patten
Patten,Michael Patten
Michael,Michael Raheem
Raheem,Michael Raheem
Michael,Michael Ray
Ray,Michael Ray
Michael,Michael Rothkugel
Rothkugel,Michael Rothkugel
Michael,Michael Sullivan
Sullivan,Michael Sullivan
Michael,Michael Vanderhyde
Vanderhyde,Michael Vanderhyde
Michael,Michael Zwilling
Zwilling,Michael Zwilling
Michiko,Michiko Osada
Osada,Michiko Osada
Frintu,Mihail Frintu
Mihail,Mihail Frintu
Mikael,Mikael Sandberg
Sandberg,Mikael Sandberg
Mike,Mike Seamans
Seamans,Mike Seamans
Min,Min Su
Su,Min Su
Krapauskas,Mindaugas Krapauskas
Mindaugas,Mindaugas Krapauskas
Martin,Mindy Martin
Mindy,Mindy Martin
Anderson,Nancy Anderson
Nancy,Nancy Anderson
Holliday,Nicole Holliday
Nicole,Nicole Holliday
Mirchandani,Nitin Mirchandani
Nitin,Nitin Mirchandani
Nuan,Nuan Yu
Yu,Nuan Yu
Olinda,Olinda Turner
Turner,Olinda Turner
Cracium,Ovidiu Cracium
Ovidiu,Ovidiu Cracium
Ansman-Wolfe,Pamela Ansman-Wolfe
Pamela,Pamela Ansman-Wolfe
Coleman,Pat Coleman
Pat,Pat Coleman
Cook,Patrick Cook
Patrick,Patrick Cook
Patrick,Patrick Wedge
Wedge,Patrick Wedge
Komosinski,Paul Komosinski
Paul,Paul Komosinski
Paul,Paul Singh
Singh,Paul Singh
Barreto de Mattos,Paula Barreto de Mattos
Paula,Paula Barreto de Mattos
Nartker,Paula Nartker
Paula,Paula Nartker
Peng,Peng Wu
Wu,Peng Wu
Male,Pete Male
Pete,Pete Male
Connelly,Peter Connelly
Peter,Peter Connelly
Krebs,Peter Krebs
Peter,Peter Krebs
Ackerman,Pilar Ackerman
Pilar,Pilar Ackerman
Prasanna,Prasanna Samarawickrama
Samarawickrama,Prasanna Samarawickrama
Rachel,Rachel Valdez
Valdez,Rachel Valdez
Patel,Rajesh Patel
Rajesh,Rajesh Patel
Meyyappan,Ramesh Meyyappan
Ramesh,Ramesh Meyyappan
Randy,Randy Reeves
Reeves,Randy Reeves
Ranjit,Ranjit Varkey Chudukatil
Varkey Chudukatil,Ranjit Varkey Chudukatil
Raymond,Raymond Sam
Sam,Raymond Sam
Laszlo,Rebecca Laszlo
Rebecca,Rebecca Laszlo
Koch,Reed Koch
Reed,Reed Koch
Hillmann,Reinout Hillmann
Reinout,Reinout Hillmann
D'sa,Reuben D'sa
Reuben,Reuben D'sa
Caron,Rob Caron
Rob,Rob Caron
Rob,Rob Walters
Walters,Rob Walters
Robert,Robert Rounthwaite
Rounthwaite,Robert Rounthwaite
Roberto,Roberto Tamburello
Tamburello,Roberto Tamburello
Rostislav,Rostislav Shabalin
Shabalin,Rostislav Shabalin
Hunter,Russell Hunter
Russell,Russell Hunter
King,Russell King
Russell,Russell King
Ellerbrock,Ruth Ellerbrock
Ruth,Ruth Ellerbrock
Cornelsen,Ryan Cornelsen
Ryan,Ryan Cornelsen
Sairaj,Sairaj Uddin
Uddin,Sairaj Uddin
Samantha,Samantha Smith
Smith,Samantha Smith
Sameer,Sameer Tejani
Tejani,Sameer Tejani
Kaliyath,Sandeep Kaliyath
Sandeep,Sandeep Kaliyath
Reátegui Alayo,Sandra Reátegui Alayo
Sandra,Sandra Reátegui Alayo
Harnpadoungsataya,Sariya Harnpadoungsataya
Sariya,Sariya Harnpadoungsataya
Gode,Scott Gode
Scott,Scott Gode
Alexander,Sean Alexander
Sean,Sean Alexander
Chai,Sean Chai
Sean,Sean Chai
Mohamed,Shammi Mohamed
Shammi,Shammi Mohamed
Kim,Shane Kim
Shane,Shane Kim
Salavaria,Sharon Salavaria
Sharon,Sharon Salavaria
Sheela,Sheela Word
Word,Sheela Word
Dyck,Shelley Dyck
Shelley,Shelley Dyck
Ito,Shu Ito
Shu,Shu Ito
Higa,Sidney Higa
Sidney,Sidney Higa
Rapier,Simon Rapier
Simon,Simon Rapier
Charncherngkha,Sootha Charncherngkha
Sootha,Sootha Charncherngkha
Hesse,Stefen Hesse
Stefen,Stefen Hesse
Conroy,Stephanie Conroy
Stephanie,Stephanie Conroy
Jiang,Stephen Jiang
Stephen,Stephen Jiang
Masters,Steve Masters
Steve,Steve Masters
Selikoff,Steven Selikoff
Steven,Steven Selikoff
Macrae,Stuart Macrae
Stuart,Stuart Macrae
Munson,Stuart Munson
Stuart,Stuart Munson
Mohan,Suchitra Mohan
Suchitra,Suchitra Mohan
Fatima,Suroor Fatima
Suroor,Suroor Fatima
Eaton,Susan Eaton
Susan,Susan Eaton
Metters,Susan Metters
Susan,Susan Metters
Abbas,Syed Abbas
Syed,Syed Abbas
Sylvester,Sylvester Valdez
Valdez,Sylvester Valdez
Nusbaum,Tawana Nusbaum
Tawana,Tawana Nusbaum
Maxwell,Taylor Maxwell
Taylor,Taylor Maxwell
Kharatishvili,Tengiz Kharatishvili
Tengiz,Tengiz Kharatishvili
Earls,Terrence Earls
Terrence,Terrence Earls
Duffy,Terri Duffy
Terri,Terri Duffy
Eminhizer,Terry Eminhizer
Terry,Terry Eminhizer
Mensa-Annan,Tete Mensa-Annan
Tete,Tete Mensa-Annan
D'Hers,Thierry D'Hers
Thierry,Thierry D'Hers
Michaels,Thomas Michaels
Thomas,Thomas Michaels
Tom,Tom Vande Velde
Vande Velde,Tom Vande Velde
Reiter,Tsvi Reiter
Tsvi,Tsvi Reiter
Kuppa,Vamsi Kuppa
Vamsi,Vamsi Kuppa
Luthra,Vidur Luthra
Vidur,Vidur Luthra
Benshoof,Wanida Benshoof
Wanida,Wanida Benshoof
Kahn,Wendy Kahn
Wendy,Wendy Kahn
Vong,William Vong
William,William Vong
Johnson,Willis Johnson
Willis,Willis Johnson
Li,Yuhong Li
Yuhong,Yuhong Li
McKay,Yvonne McKay
Yvonne,Yvonne McKay
Arifin,Zainal Arifin
Zainal,Zainal Arifin
Mu,Zheng Mu
Zheng,Zheng Mu
